{
    "average_cohen_kappa": 0.693317745413099,
    "average_matthews_corrcoef": 0.6994405133383614,
    "average_f1_sample": 0.686397303685324,
    "average_f1_segment": 0.7262362555300604,
    "variance_f1_sample": 0.004237842642328006,
    "variance_f1_segment": 0.0036251060413021964,
    "variance_cohen_kappa": 0.004848313421858825,
    "variance_matthews_corrcoef": 0.004319349402436356
}