{
    "average_cohen_kappa": 0.6737087198666164,
    "average_matthews_corrcoef": 0.6783218724387032,
    "average_f1_sample": 0.6648003609975649,
    "average_f1_segment": 0.6965045168734676,
    "variance_f1_sample": 0.005417245278929278,
    "variance_f1_segment": 0.005451126909282295,
    "variance_cohen_kappa": 0.006062901136905008,
    "variance_matthews_corrcoef": 0.005697631823173572
}