{
    "average_cohen_kappa": 0.673595496586391,
    "average_matthews_corrcoef": 0.6778096556663513,
    "average_f1_sample": 0.6642667686887487,
    "average_f1_segment": 0.6873201041198259,
    "variance_f1_sample": 0.006108716311108329,
    "variance_f1_segment": 0.009187018649415473,
    "variance_cohen_kappa": 0.006546230893473319,
    "variance_matthews_corrcoef": 0.006296055452367
}